{"cameraMode":{"drawMode":0,"name":"Shaded","section":"Shading Mode"},"sceneLighting":false,"audioPlay":false,"sceneViewState":{"m_AlwaysRefresh":false,"showFog":true,"showSkybox":false,"showFlares":true,"showImageEffects":true,"showParticleSystems":true,"showVisualEffectGraphs":true,"m_FxEnabled":true},"in2DMode":false,"pivot":{"x":-0.007611174136400223,"y":-0.2284277081489563,"z":-0.1343233585357666},"rotation":{"x":0.29860755801200869,"y":-0.022575486451387407,"z":0.007175827864557505,"w":0.9541269540786743},"size":3.9195690155029299,"orthographic":false}